Movie_Title,Movie_years,Content_Ratio,Screen_Count,Aspect_Ratio,Movie_actor_1_name,Movie_actor_1_credit,Actor_1_Oscar_Awards,Actor_1_Other_Awards,Movie_actor_2_name,Movie_actor_2_credit,Actor_2_Oscar_Awards,Actor_2_Other_Awards,Movie_actor_3_name,Movie_actor_3_credit,Actor_3_Oscar_Awards,Actor_3_Other_Awards,Movie_director,Movie_director_credit,Director_Oscar_Awards,Director_Other_Awards,Movie_writter_names,Movie_writter_credit,Movie_Writter_Oscar_Awards,Music_Writter_Other_Awards,Movie_music_names,Movie_music_credit,Music_Oscar_Awards,Music_Other_Awards,Movie_cinematography_name,Movie_cinematography_credit,Cinematograpy_Oscar_Awards,Cinematograpy_Other_Awards,Budget,Movie_ratings,IMDb_Label
Batman v Superman: Dawn of Justice,2016,2,4242,2.35,Ben Affleck,58,0,1,Henry Cavill,17,0,1,Amy Adams,26,0,0,Zack Snyder,18,0,3,Chris Terrio,3,1,17,Junkie XL,25,0,7,Larry Fong,21,0,0,250000000,6.4,CLASS-2
Captain America: Civil War,2016,2,4226,2.35,Chris Evans,42,0,35,Robert Downey Jr.,83,0,38,Scarlett Johansson,42,0,5,Anthony Russo,18,0,3,Christopher Markus,9,0,5,Henry Jackman,17,0,11,Trent Opaloch,13,0,0,250000000,7.8,CLASS-4
Star Trek Beyond,2016,2,3928,2.35,Chris Pine,39,0,1,Zachary Quinto,46,0,0,Karl Urban,21,0,0,Justin Lin,16,0,3,Simon Pegg,21,0,11,Michael Giacchino,37,1,80,Stephen F. Windon,39,0,3,185000000,7.1,CLASS-3
The Legend of Tarzan,2016,2,3561,2.35,Alexander SkarsgÃ¥rd,46,2,73,Rory J. Saper,1,0,9,Christian Stevens,115,0,0,David Yates,21,0,14,Adam Cozad,1,0,0,Rupert Gregson-Williams,24,0,12,Henry Braham,24,0,1,180000000,6.2,CLASS-2
X-Men: Apocalypse,2016,2,4150,2.35,James McAvoy,43,1,106,Michael Fassbender,47,0,67,Jennifer Lawrence,10,0,6,Bryan Singer,14,0,15,Simon Kinberg,10,0,4,John Ottman,33,1,8,Newton Thomas Sigel,63,0,5,178000000,6.9,CLASS-3
Suicide Squad,2016,2,4255,2.35,Will Smith,65,0,54,Jaime FitzSimons,4,0,5,Ike Barinholtz,34,0,0,David Ayer,8,0,0,David Ayer,9,0,0,Steven Price,40,1,19,Roman Vasyanov,13,0,2,175000000,6,CLASS-2
The Jungle Book,2016,1,4028,1.85,Neel Sethi,2,0,53,Bill Murray,81,0,45,Ben Kingsley,32,0,14,Jon Favreau,17,0,3,Justin Marks,6,0,0,John Debney,100,0,32,Bill Pope,48,0,3,175000000,7.4,CLASS-3
Independence Day: Resurgence,2016,2,4130,2.35,Liam Hemsworth,21,0,5,Jeff Goldblum,110,0,5,Jessie T. Usher,74,0,4,Roland Emmerich,18,0,15,Nicolas Wright,3,0,1,Harald Kloser,6,0,3,Markus FÃ¶rderer,16,0,4,165000000,5.2,CLASS-2
Alice Through the Looking Glass,2016,1,3763,1.85,Johnny Depp,76,0,67,Mia Wasikowska,0,0,13,Helena Bonham Carter,40,1,56,James Bobin,12,0,2,Linda Woolverton,33,0,1,Danny Elfman,95,0,80,Stuart Dryburgh,45,0,10,170000000,6.2,CLASS-2
Warcraft,2016,2,3400,2.35,Travis Fimmel,20,0,2,Paula Patton,0,0,6,Ben Foster,31,0,11,Duncan Jones,4,0,15,Charles Leavitt,8,0,0,Ramin Djawadi,22,0,22,Simon Duggan,12,0,5,160000000,6.8,CLASS-3
The Legend of Tarzan,2016,2,3561,2.35,Alexander SkarsgÃ¥rd,46,2,73,Rory J. Saper,1,0,8,Christian Stevens,15,0,0,David Yates,21,0,7,Adam Cozad,1,0,0,Rupert Gregson-Williams,24,0,14,Henry Braham,24,0,1,180000000,6.2,CLASS-2
Kung Fu Panda 3,2016,1,3955,2.35,Jack Black,139,1,48,Bryan Cranston,137,1,47,Dustin Hoffman,106,0,1,Alessandro Carloni,1,0,0,Jonathan Aibel,13,0,1,Hans Zimmer,116,1,121,Clare Knight,0,0,0,145000000,7.1,CLASS-3
Gods of Egypt,2016,2,3715,2.35,Brenton Thwaites,14,0,4,John Samaha,39,0,0,Courtney Eaton,82,0,0,Alex Proyas,28,0,7,Matt Sazama,2,0,0,Marco Beltrami,51,0,18,Peter Menzies Jr.,28,0,0,140000000,5.4,CLASS-2
The BFG,2016,1,3715,2.35,Mark Rylance,26,1,17,Ruby Barnhill,0,0,2,Penelope Wilton,51,0,7,Steven Spielberg,56,3,148,Melissa Mathison,10,0,3,John Williams,248,5,184,Janusz Kaminski,43,2,36,140000000,6.4,CLASS-2
Jason Bourne,2016,2,4026,2.35,Matt Damon,73,1,27,Tommy Lee Jones,76,0,7,Alicia Vikander,44,0,2,Paul Greengrass,17,0,38,Paul Greengrass,9,0,38,David Buckley,16,0,1,Barry Ackroyd,75,0,13,120000000,6.6,CLASS-3
The Huntsman: Winter's War,2016,2,3715,2.35,Chris Hemsworth,24,0,8,Charlize Theron,0,0,3,Jessica Chastain,11,0,0,Cedric Nicolas-Troyan,3,0,0,Evan Spiliotopoulos,19,0,1,James Newton Howard,99,0,68,Phedon Papamichael,57,0,10,115000000,6.1,CLASS-2
Allegiant,2016,2,3740,2.35,Shailene Woodley,0,0,51,Theo James,13,0,3,Naomi Watts,27,1,51,Robert Schwentke,10,0,15,Noah Oppenheim,1,0,2,Joseph Trapanese,47,0,2,Florian Ballhaus,34,0,1,110000000,5.7,CLASS-2
Now You See Me 2,2016,2,3232,2.35,Jesse Eisenberg,34,0,15,Mark Ruffalo,59,1,54,Woody Harrelson,36,0,7,Jon M. Chu,16,0,2,Ed Solomon,17,0,1,Brian Tyler,67,0,16,Peter Deming,50,0,2,90000000,6.5,CLASS-2
The Secret Life of Pets,2016,1,4370,1.85,Louis C.K.,30,0,12,Eric Stonestreet,43,0,5,Kevin Hart,36,0,23,Yarrow Cheney,2,0,1,Cinco Paul,16,0,1,Alexandre Desplat,67,2,99,Ken Schretzmann,0,0,1,75000000,6.5,CLASS-2
The Angry Birds Movie,2019,1,3932,1.85,Jason Sudeikis,44,0,20,Josh Gad,47,0,7,Danny McBride,94,0,2,Clay Kaytis,2,0,0,Jon Vitti,13,0,3,Heitor Pereira,89,0,6,Kent Beyda,0,0,0,73000000,6.4,CLASS-2
London Has Fallen,2016,4,3490,2.35,Alon Aboutboul,81,0,4,Waleed Zuaiter,31,0,19,Adel Bencherif,6,0,2,Babak Najafi,12,0,5,Creighton Rothenberger,2,0,0,Trevor Morris,32,0,6,Ed Wild,26,0,1,60000000,5.9,CLASS-2
Deadpool,2018,4,3558,2.35,Ryan Reynolds,60,0,14,Karan Soni,31,0,2,Ed Skrein,27,0,0,Tim Miller,4,0,2,Rhett Reese,13,0,2,Junkie XL,25,0,7,Ken Seng,31,0,0,58000000,7.7,CLASS-4
Central Intelligence,2016,2,3508,2.35,Dwayne Johnson,60,0,11,Kevin Hart,63,0,5,Amy Ryan,35,0,1,Rawson Marshall Thurber,10,0,0,Ike Barinholtz,1,0,0,Ludwig GÃ¶ransson,10,1,8,Barry Peterson,17,0,0,50000000,6.3,CLASS-2
13 Hours,2016,4,3715,2.35,John Krasinski,38,0,0,James Badge Dale,32,0,2,Pablo Schreiber,47,0,0,Michael Bay,54,0,9,Chuck Hogan,2,0,0,Lorne Balfe,70,0,8,Dion Beebe,40,1,18,50000000,7.3,CLASS-3
Free State of Jones,2016,4,3715,1.85,Matthew McConaughey,58,1,42,Gugu Mbatha-Raw,0,0,0,Mahershala Ali,33,0,1,Gary Ross,4,0,8,Gary Ross,10,0,8,Nicholas Britell,4,0,26,BenoÃ®t Delhomme,57,0,4,50000000,6.9,CLASS-3
Zoolander 2,2016,2,3715,2.35,Justin Bieber,49,0,3,Jon Daly,74,0,12,PenÃ©lope Cruz,44,0,1,Ben Stiller,15,0,14,Justin Theroux,5,0,3,Theodore Shapiro,11,0,15,Dan Mindel,21,0,0,50000000,4.7,CLASS-1
The Conjuring 2,2016,4,3343,2.35,Patrick Wilson,39,0,4,Vera Farmiga,0,0,6,Madison Wolfe,201,0,7,James Wan,10,0,1,Chad Hayes,22,0,0,Joseph Bishara,7,0,2,Don Burgess,48,0,0,40000000,7.3,CLASS-3
The 5th Wave,2016,2,3715,2.35,ChloÃ« Grace Moretz,0,0,20,Matthew Zuk,8,0,0,Gabriela Lopez,12,0,3,J Blakeson,3,0,1,Susannah Grant,11,0,4,Henry Jackman,17,0,11,Enrique Chediak,37,0,7,38000000,5.2,CLASS-2
How to Be Single,2016,4,3715,2.35,Dakota Johnson,0,0,8,Rebel Wilson,0,0,0,Leslie Mann,36,0,3,Christian Ditter,13,0,11,Abby Kohn,8,0,1,Fil Eisler,9,0,3,Christian Rein,30,0,2,38000000,6.1,CLASS-2
Neighbors 2: Sorority Rising,2016,4,3384,2.35,Seth Rogen,70,0,20,Zac Efron,44,0,0,Rose Byrne,28,0,3,Nicholas Stoller,5,0,2,Andrew Jay Cohen,5,0,0,Michael Andrews,9,0,3,Brandon Trost,79,0,2,35000000,5.7,CLASS-2
Triple 9,2016,4,3715,2.35,Chiwetel Ejiofor,41,1,82,Casey Affleck,32,0,4,Anthony Mackie,99,0,5,John Hillcoat,44,0,4,Matt Cook,0,0,0,The Haxan Cloak,3,0,1,Nicolas Karakatsanis,49,0,6,20000000,6.3,CLASS-2
Spectre,2015,2,3929,2.35,Daniel Craig,61,2,73,Christoph Waltz,105,0,3,LÃ©a Seydoux,17,0,0,Sam Mendes,8,1,55,John Logan,19,0,7,Thomas Newman,57,0,65,Hoyte Van Hoytema,20,0,16,245000000,6.8,CLASS-3
Avengers: Age of Ultron,2015,2,4276,2.35,Robert Downey Jr.,82,0,9,Chris Hemsworth,20,0,34,Mark Ruffalo,58,0,47,Joss Whedon,16,0,25,Joss Whedon,25,0,25,Danny Elfman,93,0,80,Ben Davis,0,0,0,250000000,7.3,CLASS-3
Jurassic World,2015,2,4274,2,Chris Pratt,35,0,17,Bryce Dallas Howard,0,0,0,Irrfan Khan,49,0,6,Colin Trevorrow,4,0,7,Rick Jaffa,4,0,1,Michael Giacchino,31,1,80,John Schwartzman,33,0,1,150000000,7,CLASS-3
Furious 7,2015,2,4004,2.35,Vin Diesel,29,0,1,Paul Walker,42,0,6,Jason Statham,29,0,6,James Wan,9,0,14,Chris Morgan,8,0,0,Brian Tyler,64,0,16,Marc Spicer,5,0,1,190000000,7.1,CLASS-3
Jupiter Ascending,2015,2,3715,2.35,Mila Kunis,0,0,17,Channing Tatum,43,0,12,Sean Bean,21,0,21,Lana Wachowski,9,0,12,Lilly Wachowski,17,0,11,Michael Giacchino,31,1,80,John Toll,32,2,16,176000000,5.3,CLASS-2
Inside Out,2015,1,3946,1.85,Amy Poehler,0,0,24,Phyllis Smith,0,0,10,Richard Kind,12,0,5,Pete Docter,8,2,46,Pete Docter,11,2,46,Michael Giacchino,31,1,80,Kevin Nolting,0,0,3,175000000,8.1,CLASS-4
Tomorrowland,2015,1,3972,2.2,George Clooney,82,0,10,Hugh Laurie,96,0,1,Britt Robertson,6,0,0,Brad Bird,9,2,32,Damon Lindelof,12,0,17,Michael Giacchino,31,1,80,Claudio Miranda,20,1,24,190000000,6.4,CLASS-2
The Hunger Games: Mockingjay - Part 2,2015,2,4175,2.35,Jennifer Lawrence,0,1,104,Josh Hutcherson,38,1,79,Liam Hemsworth,38,0,17,Francis Lawrence,80,0,5,Peter Craig,2,0,0,James Newton Howard,98,0,68,Jo Willems,29,0,1,160000000,6.6,CLASS-3
Terminator Genisys,2015,2,3758,2.35,Arnold Schwarzenegger,61,1,48,Jason Clarke,54,0,8,Emilia Clarke,34,0,5,Alan Taylor,31,0,8,Laeta Kalogridis,5,0,1,Lorne Balfe,69,0,8,Kramer Morgenthau,58,0,2,155000000,6.3,CLASS-2
Mad Max: Fury Road,2015,4,3702,2.35,Tom Hardy,43,0,15,Charlize Theron,0,0,57,Nicholas Hoult,25,0,3,George Miller,18,1,71,George Miller,14,1,71,Junkie XL,22,0,7,John Seale,44,1,36,150000000,8.1,CLASS-4
Mission: Impossible - Rogue Nation,2015,2,3956,2.35,Tom Cruise,39,0,46,Jeremy Renner,46,0,27,Simon Pegg,51,0,3,Christopher McQuarrie,2,1,9,Christopher McQuarrie,10,1,9,Joe Kraemer,10,0,3,Robert Elswit,75,1,16,150000000,7.4,CLASS-3
Pan,2015,1,3715,2.35,Hugh Jackman,43,0,26,Levi Miller,4,0,3,Garrett Hedlund,27,0,0,Joe Wright,14,0,11,Jason Fuchs,4,0,5,John Powell,17,0,41,John Mathieson,51,0,8,150000000,8.5,CLASS-4
The Revenant,2015,4,3715,2.35,Leonardo DiCaprio,46,1,87,Tom Hardy,43,0,14,Domhnall Gleeson,84,0,6,Alejandro G. IÃƒÂ±ÃƒÂ¡rritu,14,4,120,Mark L. Smith,4,0,1,Alva Noto,0,0,1,Emmanuel Lubezki,38,3,144,135000000,8,CLASS-4
Ant-Man,2015,2,3856,1.85,Paul Rudd,92,0,0,Michael Douglas,72,0,0,Evangeline Lilly,91,0,6,Peyton Reed,23,0,2,Edgar Wright,21,0,14,Christophe Beck,22,0,5,Russell Carpenter,45,1,7,130000000,7.3,CLASS-3
Home,2011,1,3708,1.85,Jim Parsons,29,0,22,Rihanna,0,0,2,Steve Martin,133,0,1,Tim Johnson,5,0,6,Tom J. Astle,17,0,1,Lorne Balfe,69,0,8,Nick Fletcher,0,0,0,135000000,8.3,CLASS-4
Fantastic Four,2015,2,3602,2.35,Miles Teller,17,0,78,Michael B. Jordan,29,0,0,Kate Mara,48,0,1,Josh Trank,5,0,1,Jeremy Slater,0,0,1,Marco Beltrami,47,0,18,Matthew Jensen,24,0,1,120000000,4.3,CLASS-1
San Andreas,2015,2,3777,2.35,Dwayne Johnson,55,0,12,Carla Gugino,0,0,2,Alexandra Daddario,63,0,6,Brad Peyton,10,0,0,Carlton Cuse,10,0,11,Andrew Lockington,34,0,12,Steve Yedlin,24,0,0,110000000,6.1,CLASS-2
Insurgent,2015,2,3715,2.35,Kate Winslet,0,1,82,Jai Courtney,12,0,3,Mekhi Phifer,51,0,5,Robert Schwentke,8,0,15,Brian Duffield,1,0,0,Joseph Trapanese,45,0,2,Florian Ballhaus,33,0,1,110000000,6.2,CLASS-2
The Martian,2015,2,3831,2.35,Matt Damon,69,1,32,Jessica Chastain,0,0,27,Kristen Wiig,61,0,0,Ridley Scott,42,0,44,Drew Goddard,9,0,17,Harry Gregson-Williams,66,0,20,Dariusz Wolski,56,0,1,108000000,8,CLASS-4
In the Heart of the Sea,2015,2,3715,1.85,Chris Hemsworth,20,0,9,Benjamin Walker,16,0,0,Cillian Murphy,3,0,6,Ron Howard,33,2,37,Charles Leavitt,7,0,0,Roque BaÃ±os,22,0,15,Anthony Dod Mantle,47,1,28,100000000,6.9,CLASS-3
The Peanuts Movie,2015,0,3897,1.85,Trombone Shorty,3,0,0,Rebecca Bloom,0,0,0,Anastasia Bredikhina,57,0,14,Steve Martino,10,0,1,Craig Schulz,1,0,0,Christophe Beck,22,0,5,Renato FalcÃ£o,17,0,4,99000000,7.1,CLASS-3
Cinderella,2015,1,3845,2.35,Cate Blanchett,0,0,8,Lily James,0,0,9,Richard Madden,23,0,4,Kenneth Branagh,16,0,33,Chris Weitz,5,0,3,Patrick Doyle,28,0,12,Haris Zambarloukos,28,0,1,95000000,6.9,CLASS-3
Alvin and the Chipmunks: The Road Chip,2015,1,3715,1.85,Jason Lee,59,0,6,Justin Long,70,0,1,Matthew Gray Gubler,61,0,9,Walt Becker,8,0,0,Ross Bagdasarian,9,0,0,Mark Mothersbaugh,31,0,21,Peter Lyons Collister,42,0,0,90000000,5,CLASS-1
Pixels,2015,2,3723,2.35,Adam Sandler,58,0,18,Kevin James,24,0,54,Michelle Monaghan,40,0,10,Chris Columbus,17,0,6,Tim Herlihy,13,0,1,Henry Jackman,17,0,11,Amir Mokri,27,0,0,88000000,5.5,CLASS-2
Fantastic Four,2015,2,3602,2.35,Miles Teller,17,0,78,Michael B. Jordan,29,0,1,Kate Mara,48,0,1,Josh Trank,5,0,1,Jeremy Slater,0,0,1,Marco Beltrami,47,0,18,Matthew Jensen,24,0,1,120000000,4.3,CLASS-1
Hotel Transylvania 2,2015,1,3754,1.85,Adam Sandler,58,0,22,Andy Samberg,67,0,54,Selena Gomez,7,0,1,Genndy Tartakovsky,22,0,7,Robert Smigel,29,0,10,Mark Mothersbaugh,31,0,21,Catherine Apple,1,0,0,80000000,6.7,CLASS-3
The Last Witch Hunter,2015,2,3715,2.35,Vin Diesel,29,0,4,Rose Leslie,0,0,1,Elijah Wood,21,0,4,Breck Eisner,8,0,0,Cory Goodman,2,0,0,Steve Jablonsky,36,0,8,Dean Semler,76,1,14,90000000,6,CLASS-2
The Little Prince,2015,1,3715,2.35,Jeff Bridges,84,1,38,Mackenzie Foy,0,0,43,Rachel McAdams,16,0,4,Mark Osborne,17,0,15,Irena Brignull,3,0,0,Richard Harvey,35,0,3,Carole Kravetz Aykanian,0,0,0,81200000,7.7,CLASS-4
The Man from U.N.C.L.E.,2015,2,3715,2.35,Henry Cavill,16,0,1,Armie Hammer,22,0,4,Alicia Vikander,91,0,1,Guy Ritchie,19,0,8,Guy Ritchie,8,0,8,Daniel Pemberton,40,0,3,John Mathieson,51,0,8,75000000,7.3,CLASS-3
Minions,2015,1,4301,1.85,Sandra Bullock,0,0,29,Jon Hamm,57,0,13,Michael Keaton,96,0,14,Kyle Balda,7,0,0,Brian Lynch,6,0,0,Heitor Pereira,87,0,6,Claire Dodgson,0,0,0,74000000,6.4,CLASS-2
The SpongeBob Movie: Sponge Out of Water,2015,1,3641,1.85,Antonio Banderas,89,0,6,Eric Bauza,118,0,6,Tim Conway,81,0,1,Paul Tibbitt,1,0,2,Jonathan Aibel,12,0,2,John Debney,98,0,32,Phil Meheux,53,0,3,74000000,6,CLASS-2
Blackhat,2015,4,3715,2.35,Chris Hemsworth,20,0,9,Leehom Wang,14,0,0,Wei Tang,104,0,24,Michael Mann,19,0,18,Morgan Davis Foehl,0,0,0,Harry Gregson-Williams,66,0,20,Stuart Dryburgh,43,0,10,70000000,5.4,CLASS-2
Ted 2,2020,4,3442,2.35,Mark Wahlberg,54,0,18,Seth MacFarlane,49,1,53,Amanda Seyfried,55,0,2,Seth MacFarlane,14,0,24,Seth MacFarlane,21,0,24,Walter Murphy,18,0,8,Michael Barrett,38,0,1,68000000,8.7,CLASS-4
Everest,2015,2,3715,2.35,Jason Clarke,54,0,1,Ang Phula Sherpa,0,0,0,Thomas M. Wright,86,0,0,Baltasar KormÃƒÂ¡kur,11,0,34,William Nicholson,19,0,2,Dario Marianelli,22,1,14,Salvatore Totino,29,0,0,55000000,7.1,CLASS-3
The Hobbit: The Battle of the Five Armies,2014,2,3875,2.35,Ian McKellen,99,0,4,Martin Freeman,62,0,0,Richard Armitage,65,0,10,Peter Jackson,21,3,136,Fran Walsh,14,3,44,Howard Shore,74,3,87,Andrew Lesnie,48,1,27,250000000,7.4,CLASS-3
Transformers: Age of Extinction,2014,2,4233,2.35,Mark Wahlberg,52,0,7,Stanley Tucci,100,0,3,Kelsey Grammer,78,0,29,Michael Bay,53,0,9,Ehren Kruger,14,0,1,Steve Jablonsky,34,0,8,Amir Mokri,24,0,0,210000000,5.6,CLASS-2
The Amazing Spider-Man 2,2012,2,4324,2.35,Andrew Garfield,19,0,58,Emma Stone,0,0,13,Jamie Foxx,12,0,7,Marc Webb,52,0,7,Alex Kurtzman,15,0,3,Michael Einziger,4,0,0,Dan Mindel,19,0,0,200000000,6.9,CLASS-3
X-Men: Days of Future Past,2014,2,3996,2.35,Hugh Jackman,41,1,102,James McAvoy,39,0,19,Michael Fassbender,41,1,31,Bryan Singer,12,0,18,Simon Kinberg,8,0,4,John Ottman,32,1,8,Newton Thomas Sigel,60,0,5,200000000,7.9,CLASS-4
edge of Tomorrow,2014,2,3715,2.35,Tom Cruise,38,0,42,Emily Blunt,0,0,0,Brendan Gleeson,55,0,6,Doug Liman,12,0,2,Christopher McQuarrie,9,1,9,Christophe Beck,22,1,4,Dion Beebe,36,1,18,178000000,7.9,CLASS-4
Maleficent,2014,1,3948,2.35,Angelina Jolie,0,1,50,Elle Fanning,0,0,1,Sharlto Copley,10,0,7,Robert Stromberg,0,2,19,Linda Woolverton,31,0,1,James Newton Howard,95,0,68,Dean Semler,74,1,14,180000000,7,CLASS-3
Dawn of the Planet of the Apes,2014,2,3967,1.85,Andy Serkis,81,1,47,Jason Clarke,52,0,0,Gary Oldman,18,0,3,Matt Reeves,10,0,2,Mark Bomback,8,0,0,Michael Giacchino,30,1,80,Michael Seresin,28,0,2,170000000,7.6,CLASS-4
Captain America: The Winter Soldier,2014,2,3938,2.35,Chris Evans,37,0,51,Samuel L. Jackson,147,0,6,Scarlett Johansson,40,0,0,Anthony Russo,16,0,7,Christopher Markus,8,0,5,Henry Jackman,17,0,11,Trent Opaloch,11,0,0,170000000,7.7,CLASS-4
Big Hero 6,2014,1,3761,2.39,Scott Adsit,68,0,0,Ryan Potter,3,0,5,Daniel Henney,78,0,1,Don Hall,1,1,1,Jordan Roberts,0,0,0,Henry Jackman,17,0,11,Rob Dressel,3,0,1,165000000,7.8,CLASS-4
Guardians of the Galaxy,2014,2,4080,2.35,Chris Pratt,32,0,38,Zoe Saldana,0,0,4,Dave Bautista,39,0,16,James Gunn,13,0,15,James Gunn,22,0,15,Tyler Bates,19,0,6,Ben Davis,0,0,0,170000000,8,CLASS-4
Interstellar,2014,2,3561,2.35,Ellen Burstyn,0,1,37,Matthew McConaughey,54,1,51,Mackenzie Foy,14,0,4,Christopher Nolan,12,0,137,Jonathan Nolan,6,0,10,Hans Zimmer,107,1,121,Hoyte Van Hoytema,19,0,16,165000000,8.6,CLASS-4
Mr. Peabody & Sherman,2014,1,3934,1.85,Ty Burrell,31,0,12,Max Charles,20,0,5,Lauri Fraser,9,0,4,Rob Minkoff,14,0,1,Jay Ward,14,0,2,Danny Elfman,87,0,80,Mike Andrews,0,0,3,145000000,6.8,CLASS-3
Exodus: Gods and Kings,2014,2,3503,2.35,Christian Bale,43,1,69,Joel Edgerton,57,0,7,John Turturro,65,0,12,Ridley Scott,41,0,44,Adam Cooper,0,0,0,Alberto Iglesias,20,0,43,Dariusz Wolski,55,0,1,140000000,6,CLASS-2
How to Train Your Dragon 2,2014,1,4253,2.35,Jay Baruchel,45,0,3,Cate Blanchett,0,0,13,Gerard Butler,43,0,21,Dean DeBlois,4,0,8,Dean DeBlois,10,0,8,John Powell,17,0,41,Gil Zimmerman,2,0,0,145000000,7.8,CLASS-4
Penguins of Madagascar,2014,1,3764,1.85,Tom McGrath,24,0,26,Chris Miller,3,0,1,Christopher Knights,94,0,2,Eric Darnell,7,0,7,Michael Colton,5,0,1,Lorne Balfe,69,0,8,Nick Kenway,0,0,0,132000000,6.7,CLASS-3
Noah,2014,2,3567,1.85,Russell Crowe,47,1,46,Jennifer Connelly,0,0,19,Ray Winstone,21,0,7,Darren Aronofsky,13,0,41,Darren Aronofsky,6,0,41,Clint Mansell,16,0,12,Matthew Libatique,59,0,14,125000000,5.7,CLASS-2
Night at the Museum: Secret of the Tomb,2014,1,3715,1.85,Ben Stiller,112,1,58,Robin Williams,105,1,14,Owen Wilson,93,0,14,Shawn Levy,32,0,4,David Guion,2,0,0,Alan Silvestri,74,0,43,Guillermo Navarro,41,1,8,127000000,6.2,CLASS-2
The Hunger Games: Mockingjay - Part 1,2014,3,4151,2.35,Jennifer Lawrence,0,1,102,Josh Hutcherson,36,1,81,Liam Hemsworth,36,0,19,Francis Lawrence,79,0,5,Peter Craig,1,0,0,James Newton Howard,95,0,68,Jo Willems,28,0,1,125000000,6.6,CLASS-3
300: Rise of an Empire,2014,5,3470,2.35,Sullivan Stapleton,42,0,4,Eva Green,0,0,0,Lena Headey,41,0,1,Noam Murro,2,0,3,Zack Snyder,3,0,5,Junkie XL,21,0,7,Simon Duggan,11,0,5,110000000,6.2,CLASS-2
The Expendables 3,2014,2,3715,2.35,Sylvester Stallone,69,0,1,Jason Statham,40,0,47,Harrison Ford,71,0,42,Patrick Hughes,4,0,2,Sylvester Stallone,26,0,61,Brian Tyler,64,0,16,Peter Menzies Jr.,27,0,0,90000000,6.1,CLASS-2
Seventh Son,2014,2,3715,2.35,Jeff Bridges,81,1,41,Ben Barnes,16,0,11,Julianne Moore,62,0,5,Sergey Bodrov,1,0,11,Charles Leavitt,6,0,0,Marco Beltrami,45,0,18,Newton Thomas Sigel,60,0,5,95000000,5.5,CLASS-2
Transcendence,2014,2,3715,2.35,Johnny Depp,70,0,68,Rebecca Hall,0,1,53,Paul Bettany,93,0,5,Wally Pfister,0,1,26,Jack Paglen,0,0,0,Mychael Danna,27,1,33,Jess Hall,15,0,0,100000000,6.3,CLASS-2
Divergent,2014,2,3936,2.35,Shailene Woodley,0,1,79,Theo James,10,0,3,Ashley Judd,48,0,5,Neil Burger,6,0,4,Evan Daugherty,4,0,1,Junkie XL,21,0,7,Alwin H. KÃ¼chler,36,0,4,85000000,6.7,CLASS-3
Pompeii,2014,3,3715,2.35,Dylan Schombing,0,0,0,Jean-Francois Lachapelle,12,0,0,Rebecca Roberts,8,0,0,Paul W.S. Anderson,13,0,2,Janet Scott Batchler,5,0,1,Clinton Shorter,18,0,9,Glen MacPherson,56,0,1,80000000,5.5,CLASS-2
The Monuments Men,2014,2,3083,2.35,George Clooney,80,0,45,Matt Damon,67,0,0,Bill Murray,98,0,10,George Clooney,5,2,91,George Clooney,3,2,91,Alexandre Desplat,57,2,99,Phedon Papamichael,53,0,10,70000000,6.1,CLASS-2
Dracula Untold,2014,2,2885,2.35,Luke Evans,18,0,2,Sarah Gadon,0,1,28,Dominic Cooper,33,0,0,Gary Shore,1,0,0,Matt Sazama,0,0,0,Ramin Djawadi,21,0,22,John Schwartzman,32,0,1,70000000,6.3,CLASS-2
The Legend of Hercules,2014,2,3715,2.35,Kellan Lutz,33,0,2,Gaia Weiss,0,0,0,Scott Adkins,11,0,0,Renny Harlin,27,0,3,Sean Hood,11,0,1,Tuomas Kantelinen,9,0,7,Sam McCurdy,44,0,1,70000000,4.2,CLASS-1
Need for Speed,2014,2,3715,2.35,Aaron Paul,58,1,16,Dominic Cooper,40,0,2,Imogen Poots,19,0,1,Scott Waugh,5,0,1,George Gatins,0,0,0,Nathan Furst,20,0,0,Shane Hurlbut,24,0,0,66000000,6.4,CLASS-2
Unbroken,2014,2,3131,2.35,Jack O'Connell,22,0,2,Domhnall Gleeson,23,0,11,Garrett Hedlund,9,0,3,Angelina Jolie Pitt,2,1,56,Joel Coen,24,4,136,Alexandre Desplat,57,2,99,Roger Deakins,75,2,168,65000000,7.2,CLASS-3
Annie,2013,1,3715,2.39,Albert Finney,25,0,19,Carol Burnett,0,0,3,Ann Reinking,66,0,2,Will Gluck,4,0,0,Carol Sobieski,20,0,2,Charles Strouse,6,0,2,Richard Moore,0,1,19,65000000,8.5,CLASS-4
Sin City: A Dame to Kill For,2014,4,3715,1.85,Mickey Rourke,69,0,16,Jessica Alba,0,0,1,Josh Brolin,18,0,5,Frank Miller,2,0,2,Frank Miller,20,0,2,Robert Rodriguez,7,0,39,Robert Rodriguez,14,0,39,65000000,6.8,CLASS-3
Gone Girl,2014,4,3014,2.35,Ben Affleck,56,0,2,Rosamund Pike,0,0,17,Neil Patrick Harris,11,0,1,David Fincher,90,0,68,Gillian Flynn,0,0,25,Trent Reznor,11,1,21,Jeff Cronenweth,35,0,1,61000000,8.1,CLASS-4
Jack Ryan: Shadow Recruit,2014,2,3715,2.35,Chris Pine,29,0,4,Keira Knightley,0,0,6,Kevin Costner,31,0,1,Kenneth Branagh,15,0,33,Adam Cozad,0,0,0,Patrick Doyle,27,0,12,Haris Zambarloukos,27,0,1,60000000,6.2,CLASS-2
The Boxtrolls,2014,1,3715,1.85,Steve Blum,606,0,0,Dee Bradley Baker,436,0,11,Max Mitchell,39,0,5,Graham Annable,3,0,10,Irena Brignull,2,0,0,Dario Marianelli,21,1,14,John Ashlee Prat,7,0,1,60000000,6.8,CLASS-3
The Lone Ranger,2013,2,3904,2.35,Johnny Depp,68,0,64,Armie Hammer,18,0,2,William Fichtner,105,0,25,Gore Verbinski,19,1,8,Justin Haythe,2,0,2,Hans Zimmer,103,1,121,Bojan Bazelli,35,0,2,215000000,6.4,CLASS-2
Man of Steel,2013,2,4207,2.35,Henry Cavill,15,0,1,Amy Adams,0,0,1,Michael Shannon,80,0,7,Zack Snyder,16,0,5,David S. Goyer,32,0,8,Hans Zimmer,103,1,121,Amir Mokri,23,0,0,225000000,7,CLASS-3
The Hobbit: The Desolation of Smaug,2013,2,3903,2.35,Ian McKellen,94,0,3,Martin Freeman,58,0,0,Richard Armitage,64,0,10,Peter Jackson,20,3,136,Fran Walsh,13,3,44,Howard Shore,72,3,87,Andrew Lesnie,46,1,27,225000000,7.8,CLASS-4
Iron Man 3,2013,2,4253,2.35,Robert Downey Jr.,79,0,33,Gwyneth Paltrow,0,0,6,Don Cheadle,75,0,36,Shane Black,1,0,4,Drew Pearce,6,0,0,Brian Tyler,57,0,16,John Toll,31,2,16,200000000,7.2,CLASS-3
Oz the Great and Powerful,2013,1,3912,2.35,James Franco,72,0,0,Mila Kunis,0,0,12,Rachel Weisz,72,0,51,Sam Raimi,32,0,14,Mitchell Kapner,5,0,0,Danny Elfman,86,0,80,Peter Deming,48,0,2,215000000,6.3,CLASS-2
World War Z,2013,2,3607,2.35,Brad Pitt,66,1,10,Mireille Enos,0,2,83,Daniella Kertesz,31,0,0,Marc Forster,10,0,6,Matthew Michael Carnahan,3,0,0,Marco Beltrami,43,0,18,Ben Seresin,13,0,0,190000000,7,CLASS-3
Star Trek Into Darkness,2013,2,3868,2.35,Chris Pine,26,0,28,Zachary Quinto,37,0,6,Zoe Saldana,36,0,6,J.J. Abrams,11,0,25,Roberto Orci,13,0,3,Michael Giacchino,28,1,80,Dan Mindel,18,0,0,190000000,7.7,CLASS-4
Jack the Giant Slayer,2013,2,3525,2.35,Nicholas Hoult,29,0,7,Eleanor Tomlinson,0,0,3,Ewan McGregor,91,0,0,Bryan Singer,11,0,18,Darren Lemke,5,0,0,John Ottman,32,1,8,Newton Thomas Sigel,58,0,5,195000000,6.2,CLASS-2
The Great Gatsby,2013,2,3535,2.35,Lisa Adam,0,1,82,Frank Aldridge,3,0,4,Amitabh Bachchan,61,0,2,Baz Luhrmann,13,0,35,Baz Luhrmann,11,0,35,Craig Armstrong,24,1,13,Simon Duggan,10,0,5,105000000,7.2,CLASS-3
Pacific Rim,2013,2,3275,1.85,Charlie Hunnam,16,0,3,Diego Klattenhoff,44,0,5,Idris Elba,33,0,0,Guillermo del Toro,12,2,97,Travis Beacham,5,0,0,Ramin Djawadi,21,0,22,Guillermo Navarro,40,1,8,190000000,6.9,CLASS-3
47 Ronin,2013,2,3715,2.35,Keanu Reeves,72,0,10,Hiroyuki Sanada,95,0,1,Ko Shibasaki,9,0,0,Carl Rinsch,5,0,0,Chris Morgan,6,0,0,Ilan Eshkeri,15,0,3,John Mathieson,46,0,8,175000000,6.3,CLASS-2
Frozen,2013,1,3715,2.24,Kristen Bell,0,0,8,Idina Menzel,0,0,13,Jonathan Groff,9,0,2,Chris Buck,2,1,12,Jennifer Lee,0,0,1,Kristen Anderson-Lopez,1,2,18,Jeff Draheim,0,0,1,150000000,7.4,CLASS-3
Thor: The Dark World,2013,2,3841,2.35,Chris Hemsworth,17,0,10,Natalie Portman,0,1,77,Tom Hiddleston,119,1,52,Alan Taylor,30,0,8,Christopher L. Yost,8,0,0,Brian Tyler,57,0,16,Kramer Morgenthau,55,0,2,170000000,6.9,CLASS-3
White House Down,2013,2,3222,2.35,Channing Tatum,31,0,17,Jamie Foxx,51,0,0,Maggie Gyllenhaal,78,0,0,Roland Emmerich,16,0,19,James Vanderbilt,6,0,0,Harald Kloser,6,0,3,Anna Foerster,5,0,1,150000000,6.4,CLASS-2
G.I. Joe: Retaliation,2013,2,3719,2.35,Dwayne Johnson,48,0,17,Jonathan Pryce,92,0,11,Byung-hun Lee,18,0,0,Jon M. Chu,12,0,2,Rhett Reese,11,0,2,Henry Jackman,16,0,11,Stephen F. Windon,35,0,3,130000000,5.8,CLASS-2
Turbo,2013,1,3806,2.35,Ryan Reynolds,51,0,16,Paul Giamatti,72,0,6,Michael PeÃ±a,29,0,3,David Soren,3,0,0,Darren Lemke,5,0,0,Henry Jackman,16,0,11,Chris Stover,0,0,0,135000000,6.4,CLASS-2
The Hunger Games: Catching Fire,2013,2,4163,2.35,Jennifer Lawrence,0,0,98,Liam Hemsworth,11,0,16,Jack Quaid,58,0,1,Francis Lawrence,78,0,5,Simon Beaufoy,14,1,26,James Newton Howard,94,0,68,Jo Willems,27,0,1,130000000,7.5,CLASS-3
After Earth,2013,2,3401,2.35,Jaden Smith,15,0,51,Will Smith,58,0,3,Sophie Okonedo,178,0,3,M. Night Shyamalan,9,0,16,Gary Whitta,4,0,0,James Newton Howard,94,0,68,Peter Suschitzky,49,0,9,130000000,4.8,CLASS-1
R.I.P.D.,2013,2,3715,2.35,Jeff Bridges,80,0,16,Ryan Reynolds,51,1,38,Kevin Bacon,24,0,1,Robert Schwentke,7,0,15,Phil Hay,5,0,5,Christophe Beck,21,0,5,Alwin H. KÃ¼chler,35,0,4,130000000,5.6,CLASS-2
Elysium,2013,4,3284,2.35,Matt Damon,62,1,29,Jodie Foster,0,0,1,Sharlto Copley,26,0,12,Neill Blomkamp,10,0,14,Neill Blomkamp,5,0,14,Ryan Amon,2,0,1,Trent Opaloch,10,0,0,115000000,6.6,CLASS-3
Oblivion,2013,2,3783,2.35,Tom Cruise,37,1,57,Morgan Freeman,99,0,42,Olga Kurylenko,78,0,6,Joseph Kosinski,2,0,0,Karl Gajdusek,1,0,0,Anthony Gonzalez,0,0,10,Claudio Miranda,19,1,24,120000000,7,CLASS-3
The Wolverine,2013,2,3924,2.35,Hugh Jackman,38,0,24,Tao Okamoto,0,0,0,Rila Fukushima,167,0,0,James Mangold,11,0,11,Mark Bomback,7,0,0,Marco Beltrami,43,0,18,Ross Emery,11,0,2,120000000,6.7,CLASS-3
The Croods,2013,1,4046,2.35,Nicolas Cage,66,0,16,Emma Stone,0,1,67,Ryan Reynolds,66,1,44,Kirk De Micco,1,0,0,Chris Sanders,14,0,8,Alan Silvestri,72,0,43,Darren T. Holmes,0,0,0,135000000,7.2,CLASS-3
Gravity,2013,2,3575,2.35,Sandra Bullock,0,0,0,George Clooney,78,0,0,Ed Harris,7,0,0,Alfonso CuarÃƒÂ³n,22,4,231,Alfonso CuarÃ³n,10,4,253,Steven Price,40,1,19,Emmanuel Lubezki,36,3,144,100000000,7.7,CLASS-4
The Smurfs 2,2013,1,3715,1.85,Hank Azaria,81,0,17,Neil Patrick Harris,86,0,2,Brendan Gleeson,44,0,2,Raja Gosnell,9,0,0,J. David Stem,13,0,0,Heitor Pereira,82,0,6,Phil Meheux,51,0,3,105000000,5.3,CLASS-2
Ender's Game,2013,3,3407,2.35,Asa Butterfield,8,0,38,Harrison Ford,67,0,0,Hailee Steinfeld,27,0,0,Gavin Hood,9,0,29,Gavin Hood,6,0,29,Steve Jablonsky,33,0,8,Donald McAlpine,60,0,11,110000000,6.6,CLASS-3
The Wolf of Wall Street,2013,4,3715,2.35,Leonardo DiCaprio,41,1,82,Jonah Hill,40,1,34,Margot Robbie,57,0,8,Martin Scorsese,53,1,5,Terence Winter,8,0,20,Rodrigo Prieto,0,0,16,Thelma Schoonmaker,0,3,36,100000000,8.2,CLASS-4
A Good Day to Die Hard,2013,4,3553,1.85,Bruce Willis,96,0,17,Jai Courtney,6,0,1,Sebastian Koch,43,0,0,John Moore,6,1,166,Skip Woods,5,0,1,Marco Beltrami,43,0,18,Jonathan Sela,37,0,2,92000000,5.3,CLASS-2
The Secret Life of Walter Mitty,2013,1,3715,2.35,Ben Stiller,109,0,2,Kristen Wiig,0,0,0,Jon Daly,40,0,0,Ben Stiller,14,0,0,Steve Conrad,7,0,0,Theodore Shapiro,9,0,15,Stuart Dryburgh,42,0,10,90000000,7.3,CLASS-3
Percy Jackson: Sea of Monsters,2013,1,3715,2.35,Logan Lerman,20,0,5,Alexandra Daddario,0,0,1,Douglas Smith,28,0,1,Thor Freudenthal,10,0,3,Marc Guggenheim,13,0,2,Andrew Lockington,33,0,12,Shelly Johnson,60,0,0,90000000,5.8,CLASS-2
RED 2,2018,2,3715,2.35,Bruce Willis,96,0,17,John Malkovich,83,1,37,Mary-Louise Parker,174,0,0,Dean Parisot,37,1,6,Jon Hoeber,4,0,0,Alan Silvestri,72,0,43,Enrique Chediak,32,0,7,84000000,7.3,CLASS-3
Grown Ups 2,2013,2,3491,1.85,Adam Sandler,51,0,22,Kevin James,23,0,53,Chris Rock,76,0,1,Dennis Dugan,36,1,4,Fred Wolf,13,0,0,Rupert Gregson-Williams,21,0,12,Theo van de Sande,94,0,3,80000000,5.4,CLASS-2
Walking with Dinosaurs 3D,2013,1,3715,2.35,Charlie Rowe,8,0,0,Karl Urban,30,0,1,Angourie Rice,12,0,0,Barry Cook,7,2,4,John Collee,9,0,1,Paul Leonard-Morgan,4,0,1,John Brooks,0,0,0,80000000,5.2,CLASS-2
Cloudy with a Chance of Meatballs 2,2013,1,3715,2.35,Bill Hader,57,0,1,Anna Faris,0,0,0,James Caan,4,0,0,Cody Cameron,0,0,0,Erica Rivinoja,12,0,6,Mark Mothersbaugh,30,0,21,Robert Fisher Jr.,0,0,2,78000000,6.4,CLASS-2
Despicable Me 2,2010,1,3997,1.85,Steve Carell,50,0,29,Kristen Wiig,0,0,2,Benjamin Bratt,70,0,14,Pierre Coffin,3,0,22,Cinco Paul,14,0,1,Heitor Pereira,82,0,6,Gregory Perler,0,0,0,76000000,7.6,CLASS-4
Now You See Me,2013,2,2925,2.35,Jesse Eisenberg,25,1,57,Mark Ruffalo,51,1,14,Woody Harrelson,49,0,1,Louis Leterrier,10,0,1,Ed Solomon,16,0,1,Brian Tyler,57,0,16,Mitchell Amundsen,13,0,0,75000000,7.3,CLASS-3
Escape Plan,2013,4,3715,2.35,Sylvester Stallone,66,0,52,Arnold Schwarzenegger,53,0,6,Jim Caviezel,31,0,0,Mikael HÃƒÂ¥fstrÃƒÂ¶m,23,0,5,Miles Chapman,1,0,0,Alex Heffes,10,0,5,Brendan Galvin,26,0,0,50000000,6.7,CLASS-3
The Dark Knight Rises,2012,2,4404,2.35,Christian Bale,40,0,16,Gary Oldman,76,1,57,Tom Hardy,189,0,22,Christopher Nolan,11,0,121,Jonathan Nolan,5,0,10,Hans Zimmer,100,1,121,Wally Pfister,41,1,26,250000000,8.4,CLASS-4
John Carter,2012,2,3749,2.35,Taylor Kitsch,9,0,2,Lynn Collins,0,0,14,Samantha Morton,44,0,1,Andrew Stanton,7,2,34,Andrew Stanton,13,2,34,Michael Giacchino,26,1,80,Dan Mindel,16,0,0,263700000,6.6,CLASS-3
The Avengers,2012,2,4349,1.85,Robert Downey Jr.,78,0,17,Chris Evans,32,0,33,Mark Ruffalo,53,0,61,Joss Whedon,11,0,25,Joss Whedon,20,0,25,Alan Silvestri,70,0,43,Seamus McGarvey,48,0,13,220000000,8,CLASS-4
Men in Black 3,2012,2,4248,1.85,Will Smith,56,0,49,Tommy Lee Jones,69,0,8,Josh Brolin,37,0,1,Barry Sonnenfeld,19,0,7,Etan Cohen,9,0,3,Danny Elfman,82,0,80,Bill Pope,43,0,3,225000000,6.8,CLASS-3
The Amazing Spider-Man,2012,2,4318,2.35,Andrew Garfield,18,1,62,Emma Stone,0,0,13,Rhys Ifans,14,0,0,Marc Webb,52,0,7,James Vanderbilt,5,0,0,James Horner,138,2,51,John Schwartzman,30,0,1,230000000,6.9,CLASS-3
Battleship,2012,2,3690,2.35,Taylor Kitsch,9,0,18,Alexander SkarsgÃ¥rd,38,0,10,Rihanna,76,0,14,Peter Berg,13,0,3,Jon Hoeber,3,0,0,Steve Jablonsky,32,0,8,Tobias A. Schliessler,51,0,0,209000000,5.8,CLASS-2
Skyfall,2012,2,3505,2.35,Daniel Craig,59,0,18,Judi Dench,0,0,3,Javier Bardem,35,0,3,Sam Mendes,6,1,55,Neal Purvis,11,0,1,Thomas Newman,32,0,65,Roger Deakins,73,2,168,200000000,7.7,CLASS-4
Brave,2020,1,4164,2.35,Kelly Macdonald,0,0,18,Billy Connolly,63,0,1,Emma Thompson,84,0,23,Mark Andrews,5,1,6,Brenda Chapman,4,1,2,Patrick Doyle,26,0,12,Nicholas C. Smith,4,0,2,185000000,7.1,CLASS-3
Snow White and the Huntsman,2012,2,3773,2.35,Kristen Stewart,0,0,12,Chris Hemsworth,14,0,34,Charlize Theron,5,0,3,Rupert Sanders,3,1,2,Evan Daugherty,1,0,1,James Newton Howard,92,0,68,Greig Fraser,27,0,15,170000000,6.1,CLASS-2
Wreck-It Ralph,2012,1,3752,2.35,John C. Reilly,68,0,2,Sarah Silverman,0,0,4,Jack McBrayer,163,0,2,Rich Moore,10,1,19,Rich Moore,3,1,19,Henry Jackman,15,0,11,Rob Dressel,2,0,1,165000000,7.7,CLASS-4
Wrath of the Titans,2012,2,3545,1.85,Sam Worthington,29,0,17,Liam Neeson,82,0,7,Ralph Fiennes,17,0,4,Jonathan Liebesman,6,0,2,Dan Mazeau,0,0,0,Javier Navarrete,6,0,7,Ben Davis,0,0,0,150000000,5.7,CLASS-2
Dark Shadows,2012,2,3755,1.85,Johnny Depp,65,0,58,Michelle Pfeiffer,0,0,17,Helena Bonham Carter,270,0,31,Tim Burton,32,0,27,Seth Grahame-Smith,3,0,0,Danny Elfman,82,0,80,Bruno Delbonnel,17,0,13,100000000,6.2,CLASS-2
Madagascar 3: Europe's Most Wanted,2012,1,4258,1.85,Ben Stiller,105,0,4,Chris Rock,52,0,8,David Schwimmer,43,0,10,Eric Darnell,6,0,7,Eric Darnell,4,0,7,Hans Zimmer,100,1,121,Nick Fletcher,0,0,0,145000000,6.8,CLASS-3
Rise of the Guardians,2012,1,3653,1.85,Chris Pine,22,0,22,Alec Baldwin,96,0,0,Jude Law,19,0,0,Peter Ramsey,5,1,16,David Lindsay-Abaire,3,0,0,Alexandre Desplat,53,2,99,Joyce Arrastia,0,0,0,145000000,7.3,CLASS-3
The Twilight Saga: Breaking Dawn - Part 2,2012,2,4070,2.35,Kristen Stewart,0,0,34,Robert Pattinson,15,0,37,Taylor Lautner,19,0,19,Bill Condon,15,1,18,Melissa Rosenberg,0,0,0,Carter Burwell,51,0,29,Guillermo Navarro,38,1,16,120000000,5.5,CLASS-2
The Bourne Legacy,2012,2,3745,2.35,Jeremy Renner,37,0,26,Scott Glenn,88,0,0,Stacy Keach,166,0,9,Tony Gilroy,2,0,3,Tony Gilroy,15,0,3,James Newton Howard,92,0,68,Robert Elswit,72,1,16,125000000,6.6,CLASS-3
Life of Pi,2012,1,2927,1.85,Suraj Sharma,0,0,3,Irrfan Khan,117,0,2,Ayush Tandon,74,0,27,Ang Lee,20,2,102,Yann Martel,2,0,0,Mychael Danna,26,1,33,Claudio Miranda,18,1,24,120000000,7.9,CLASS-4
Prometheus,2012,4,3396,2.35,Noomi Rapace,0,0,54,Michael Fassbender,36,1,51,Charlize Theron,43,0,3,Ridley Scott,38,0,44,Jon Spaihts,1,0,0,Marc Streitenfeld,25,0,4,Dariusz Wolski,52,0,1,130000000,7,CLASS-3
Django Unchained,2012,4,3010,2.35,Jamie Foxx,50,1,67,Christoph Waltz,99,2,67,Leonardo DiCaprio,33,0,0,Quentin Tarantino,18,2,147,Quentin Tarantino,22,2,165,Robert Richardson,0,3,19,Fred Raskin,45,3,18,100000000,8.4,CLASS-4
The Expendables 2,2012,4,3316,2.35,Sylvester Stallone,64,0,1,Jason Statham,34,0,47,Jet Li,90,0,21,Simon West,16,0,2,Richard Wenk,4,0,0,Brian Tyler,55,0,16,Shelly Johnson,58,0,0,92000000,6.6,CLASS-3
Cloud Atlas,2012,4,3715,2.35,Tom Hanks,65,2,69,Halle Berry,0,0,2,Jim Broadbent,123,1,23,Tom Tykwer,17,0,39,David Mitchell,15,0,4,Reinhold Heil,16,0,8,Frank Griebe,36,0,14,102000000,7.4,CLASS-3
The Campaign,2012,4,3205,1.85,Will Ferrell,78,0,12,Zach Galifianakis,49,0,1,Jason Sudeikis,159,0,0,Jay Roach,11,0,4,Chris Henchy,18,0,3,Theodore Shapiro,9,0,15,Jim Denault,50,0,0,95000000,6.1,CLASS-2
Ice Age: Continental Drift,2012,1,3881,2.35,Aziz Ansari,29,0,18,Joy Behar,0,0,8,Christopher Campbell,33,0,22,Steve Martino,8,0,1,Michael Berg,4,0,0,John Powell,16,0,41,Renato FalcÃ£o,14,0,4,95000000,6.6,CLASS-3
Hotel Transylvania,2012,1,3349,1.85,Adam Sandler,49,0,21,Andy Samberg,51,0,49,Selena Gomez,72,0,1,Genndy Tartakovsky,20,0,7,Peter Baynham,23,0,1,Mark Mothersbaugh,29,0,21,Catherine Apple,1,0,0,85000000,7.1,CLASS-3
Safe House,2012,4,3119,2.35,Denzel Washington,50,2,68,Ryan Reynolds,49,0,11,Vera Farmiga,54,0,6,Daniel Espinosa,7,0,3,David Guggenheim,0,0,0,Ramin Djawadi,19,0,22,Oliver Wood,47,0,0,85000000,6.7,CLASS-3
Mirror Mirror,2012,1,3715,1.85,Julia Roberts,0,1,41,Lily Collins,0,0,7,Armie Hammer,63,0,9,Tarsem Singh,10,0,6,Marc Klein,3,0,0,Alan Menken,24,8,48,Brendan Galvin,25,0,0,85000000,5.6,CLASS-2
Dredd,2012,4,3715,2.35,Karl Urban,29,0,1,Rachel Wood,0,0,14,Andile Mngadi,36,0,1,Pete Travis,10,0,3,John Wagner,6,0,0,Paul Leonard-Morgan,4,0,1,Anthony Dod Mantle,43,1,28,35000000,7.1,CLASS-3
The Hunger Games,2012,2,4137,2.35,Stanley Tucci,87,1,78,Wes Bentley,22,0,11,Jennifer Lawrence,25,0,1,Gary Ross,2,0,8,Gary Ross,9,0,8,James Newton Howard,92,0,68,Tom Stern,22,0,3,78000000,7.2,CLASS-3
Journey 2: The Mysterious Island,2012,1,3470,1.85,Dwayne Johnson,46,0,14,Michael Caine,153,0,9,Josh Hutcherson,36,0,5,Brad Peyton,8,0,0,Brian Gunn,3,0,0,Andrew Lockington,33,0,12,David Tattersall,51,0,0,79000000,5.8,CLASS-2
Underworld: Awakening,2012,4,3715,2.35,Kate Beckinsale,0,0,3,Stephen Rea,110,0,5,Michael Ealy,150,0,0,MÃƒÂ¥ns MÃƒÂ¥rlind,10,0,6,Len Wiseman,5,0,0,Paul Haslinger,23,0,1,Scott Kevan,35,0,2,70000000,6.4,CLASS-2
Rock of Ages,2012,2,3715,2.35,Julianne Hough,0,0,0,Dakota Sage Grant,0,0,0,Matthew Rush Sullivan,6,0,0,Adam Shankman,19,0,3,Justin Theroux,4,0,3,Adam Anders,5,0,2,Bojan Bazelli,34,0,2,75000000,5.9,CLASS-2
Abraham Lincoln: Vampire Hunter,2012,4,3715,2.35,Benjamin Walker,12,0,0,Dominic Cooper,35,0,2,Anthony Mackie,12,0,0,Timur Bekmambetov,13,0,11,Seth Grahame-Smith,3,0,0,Henry Jackman,15,0,11,Caleb Deschanel,28,0,11,69000000,5.9,CLASS-2
Lincoln,2012,2,3715,2.35,Daniel Day-Lewis,27,0,16,Sally Field,0,0,11,David Strathairn,136,0,3,Steven Spielberg,54,2,167,Tony Kushner,3,0,24,John Williams,222,5,184,Janusz Kaminski,38,2,36,65000000,7.3,CLASS-3
Les MisÃƒÂ©rables,2012,2,3715,1.85,Hugh Jackman,36,1,17,Russell Crowe,42,1,14,Anne Hathaway,38,1,68,Tom Hooper,15,1,35,William Nicholson,16,0,2,Danny Cohen,0,0,1,Chris Dickens,12,1,8,61000000,7.6,CLASS-4
The Dictator,2012,4,3715,2.35,Sacha Baron Cohen,27,0,4,Sayed Badreya,48,0,0,Rocky Citron,38,0,0,Larry Charles,10,0,3,Sacha Baron Cohen,11,0,25,Erran Baron Cohen,2,0,3,Lawrence Sher,33,0,2,65000000,6.4,CLASS-2
This Means War,2012,2,3715,2.35,Reese Witherspoon,0,0,14,Chris Pine,22,0,2,Tom Hardy,42,0,0,McG,31,0,2,Timothy Dowling,5,0,0,Christophe Beck,20,0,5,Russell Carpenter,39,1,7,65000000,6.3,CLASS-2
Resident Evil: Retribution,2012,4,3012,2.35,Milla Jovovich,0,0,3,Sienna Guillory,0,0,0,Michelle Rodriguez,22,0,11,Paul W.S. Anderson,12,0,2,Paul W.S. Anderson,10,0,2,tomandandy,13,0,0,Glen MacPherson,55,0,1,65000000,5.4,CLASS-2
Jack Reacher,2012,2,3715,2.35,Tom Cruise,35,0,44,Rosamund Pike,0,1,48,Richard Jenkins,36,0,19,Christopher McQuarrie,1,1,9,Lee Child,2,0,0,Joe Kraemer,8,0,3,Caleb Deschanel,28,0,11,60000000,7,CLASS-3
ParaNorman,2012,1,3715,2.35,Kodi Smit-McPhee,13,0,14,Tucker Albrizzi,17,0,3,Anna Kendrick,76,0,5,Chris Butler,0,0,1,Chris Butler,0,0,1,Jon Brion,6,0,6,Tristan Oliver,12,0,0,60000000,7,CLASS-3
Pirates of the Caribbean: On Stranger Tides,2011,2,4155,2.35,Johnny Depp,59,0,69,PenÃ©lope Cruz,0,0,3,Geoffrey Rush,54,0,6,Rob Marshall,6,0,17,Ted Elliott,36,0,3,Hans Zimmer,95,1,121,Dariusz Wolski,50,0,1,250000000,6.6,CLASS-3
Cars 2,2011,0,4115,2.35,Larry the Cable Guy,15,0,6,Owen Wilson,40,0,4,Michael Caine,38,0,3,John Lasseter,19,1,36,John Lasseter,15,1,36,Michael Giacchino,23,1,80,Sharon Calahan,4,0,0,200000000,6.1,CLASS-2
Green Lantern,2011,2,3816,2.35,Ryan Reynolds,45,0,14,Blake Lively,0,0,3,Peter Sarsgaard,19,1,71,Martin Campbell,27,0,3,Greg Berlanti,2,0,2,James Newton Howard,92,0,68,Dion Beebe,31,1,18,200000000,5.5,CLASS-2
Transformers: Dark of the Moon,2011,2,4088,2.35,Shia LaBeouf,40,0,3,Rosie Huntington-Whiteley,0,0,2,Josh Duhamel,93,0,1,Michael Bay,51,0,9,Ehren Kruger,13,0,1,Steve Jablonsky,31,0,8,Amir Mokri,21,0,0,195000000,6.2,CLASS-2
Hugo,2011,1,3715,1.85,Ben Kingsley,95,0,23,Sacha Baron Cohen,26,0,23,Asa Butterfield,166,0,12,Martin Scorsese,51,1,154,John Logan,13,0,7,Howard Shore,68,3,87,Robert Richardson,38,3,19,170000000,7.5,CLASS-3
X-Men: First Class,2011,2,3641,2.35,James McAvoy,31,1,94,Laurence Belcher,7,0,58,Michael Fassbender,63,0,2,Matthew Vaughn,3,0,5,Ashley Miller,3,0,0,Henry Jackman,14,0,11,John Mathieson,41,0,8,160000000,7.7,CLASS-4
Thor,2011,2,3955,2.35,Chris Hemsworth,10,0,8,Natalie Portman,0,1,73,Tom Hiddleston,115,1,52,Kenneth Branagh,14,0,33,Ashley Miller,3,0,0,Patrick Doyle,22,0,12,Haris Zambarloukos,24,0,1,150000000,8,CLASS-4
Kung Fu Panda 2,2011,1,3925,2.35,Jack Black,104,1,47,Angelina Jolie,0,1,37,Dustin Hoffman,213,0,0,Jennifer Yuh Nelson,1,0,4,Jonathan Aibel,10,0,2,John Powell,15,0,41,Damon O'Beirne,0,0,0,150000000,7.2,CLASS-3
Mars Needs Moms,2011,1,3715,2.35,Seth Green,117,0,1,Dan Fogler,20,0,4,Joan Cusack,41,0,1,Simon Wells,5,0,0,Simon Wells,1,0,0,John Powell,15,0,41,Robert Presley,3,0,0,150000000,5.4,CLASS-2
Mission: Impossible - Ghost Protocol,2011,2,3715,2.35,Tom Cruise,34,0,46,Paula Patton,0,0,27,Simon Pegg,71,0,6,Brad Bird,8,2,32,Bruce Geller,19,0,3,Michael Giacchino,23,1,80,Robert Elswit,71,1,16,145000000,7.4,CLASS-3
Captain America: The First Avenger,2011,3,3715,2.35,Chris Evans,28,0,5,Hayley Atwell,0,0,2,Sebastian Stan,34,0,12,Joe Johnston,12,1,1,Christopher Markus,5,0,5,Alan Silvestri,69,0,43,Shelly Johnson,57,0,0,140000000,6.9,CLASS-3
Rango,2016,1,3917,2.35,Johnny Depp,59,0,66,Isla Fisher,0,0,6,Abigail Breslin,206,1,18,Gore Verbinski,20,1,8,John Logan,13,0,7,Hans Zimmer,95,1,121,Roger Deakins,71,2,168,135000000,8.8,CLASS-4
Puss in Boots,2011,1,3952,2.35,Antonio Banderas,76,0,14,Salma Hayek,0,0,3,Zach Galifianakis,93,0,1,Chris Miller,2,1,22,Tom Wheeler,4,0,0,Henry Jackman,14,0,11,Gil Zimmerman,1,0,0,130000000,6.6,CLASS-3
The Adventures of Tintin,2011,1,3715,2.35,Jamie Bell,15,0,7,Andy Serkis,74,0,2,Daniel Craig,68,0,0,Steven Spielberg,52,3,148,HergÃ©,12,0,0,John Williams,209,5,184,Janusz Kaminski,36,2,36,135000000,7.3,CLASS-3
Fast Five,2011,2,3644,2.35,Vin Diesel,24,0,5,Paul Walker,35,0,6,Jordana Brewster,42,0,14,Justin Lin,10,0,3,Chris Morgan,5,0,0,Brian Tyler,51,0,16,Stephen F. Windon,33,0,3,125000000,7.3,CLASS-3
Sherlock Holmes: A Game of Shadows,2011,2,3703,2.35,Robert Downey Jr.,77,0,34,Jude Law,40,0,7,Noomi Rapace,8,0,0,Guy Ritchie,16,0,8,Michele Mulroney,2,0,0,Hans Zimmer,95,1,121,Philippe Rousselot,65,1,11,125000000,7.5,CLASS-3
The Green Hornet,2011,2,3584,2.35,Seth Rogen,32,2,74,Jay Chou,9,0,18,Cameron Diaz,36,0,3,Michel Gondry,105,1,30,Seth Rogen,5,0,12,James Newton Howard,92,0,68,John Schwartzman,29,0,1,120000000,5.8,CLASS-2
The Smurfs,2011,1,3395,1.78,Hank Azaria,73,0,0,Neil Patrick Harris,75,0,1,Jayma Mays,26,0,0,Raja Gosnell,8,0,0,J. David Stem,12,0,0,Heitor Pereira,72,0,6,Phil Meheux,49,0,3,110000000,5.4,CLASS-2
Real Steel,2011,2,3440,2.35,Hugh Jackman,31,0,27,Dakota Goyo,12,0,0,Evangeline Lilly,17,0,0,Shawn Levy,27,0,4,John Gatins,4,0,1,Danny Elfman,81,0,80,Mauro Fiore,24,1,5,110000000,7.1,CLASS-3
The Flowers of War,2011,4,3715,2.35,Christian Bale,39,1,69,Ni Ni,0,0,6,Xinyi Zhang,23,0,0,Yimou Zhang,22,0,112,Heng Liu,15,0,9,Qi Gang Chen,1,0,2,Xiaoding Zhao,20,0,12,94000000,7.6,CLASS-4
Rise of the Planet of the Apes,2011,2,3648,2.35,Andy Serkis,74,0,43,Karin Konoval,0,0,15,Terry Notary,62,0,5,Rupert Wyatt,4,0,2,Rick Jaffa,2,0,1,Patrick Doyle,22,0,12,Andrew Lesnie,44,1,27,93000000,7.6,CLASS-4
The Girl with the Dragon Tattoo,2011,4,3715,2.35,Daniel Craig,54,0,11,Rooney Mara,0,0,3,Christopher Plummer,58,0,2,David Fincher,85,0,49,Steven Zaillian,13,1,45,Trent Reznor,8,1,21,Jeff Cronenweth,28,0,1,90000000,7.8,CLASS-4
The Three Musketeers,2011,2,3715,2.35,Matthew Macfadyen,31,0,3,Milla Jovovich,0,0,5,Helen George,23,0,28,Paul W.S. Anderson,11,0,2,Alex Litvak,1,0,0,Paul Haslinger,22,0,1,Glen MacPherson,53,0,1,75000000,5.7,CLASS-2
Tower Heist,2011,2,3367,2.35,Ben Stiller,100,0,3,Eddie Murphy,56,0,21,Casey Affleck,60,0,6,Brett Ratner,48,0,6,Adam Cooper,0,0,0,Christophe Beck,20,0,5,Dante Spinotti,63,0,19,75000000,6.2,CLASS-2
Arthur Christmas,2011,1,3715,1.85,James McAvoy,31,1,17,Hugh Laurie,89,0,18,Bill Nighy,57,0,8,Sarah Smith,0,0,0,Peter Baynham,21,0,1,Harry Gregson-Williams,60,0,20,Jericca Cleland,2,0,0,100000000,7.1,CLASS-3
The Hangover Part II,2011,4,3615,2.35,Bradley Cooper,32,0,47,Ed Helms,34,0,0,Zach Galifianakis,15,0,3,Todd Phillips,11,0,20,Craig Mazin,5,0,6,Christophe Beck,20,0,5,Lawrence Sher,29,0,2,80000000,6.4,CLASS-2
Alvin and the Chipmunks: Chipwrecked,2011,0,3723,1.85,Jason Lee,48,0,23,David Cross,87,0,6,Jenny Slate,9,0,0,Mike Mitchell,0,0,0,Jonathan Aibel,10,0,2,Mark Mothersbaugh,28,0,21,Thomas E. Ackerman,45,0,0,75000000,4.3,CLASS-1
Just Go with It,2011,2,3548,1.85,Adam Sandler,46,0,54,Jennifer Aniston,0,0,4,Nicole Kidman,55,0,0,Dennis Dugan,34,0,1,Allan Loeb,6,0,0,Rupert Gregson-Williams,21,0,12,Theo van de Sande,88,0,3,80000000,6.4,CLASS-2
Zookeeper,2011,1,3482,2.35,Kevin James,19,0,9,Rosario Dawson,0,0,2,Leslie Bibb,60,0,1,Frank Coraci,6,0,0,Nick Bakay,15,0,0,Rupert Gregson-Williams,21,0,12,Michael Barrett,30,0,1,80000000,5.2,CLASS-2
Jack and Jill,2011,1,3438,1.85,Adam Sandler,46,1,43,Al Pacino,43,0,48,Katie Holmes,45,0,2,Dennis Dugan,34,0,1,Ben Zook,2,0,2,Rupert Gregson-Williams,21,0,12,Dean Cundey,75,0,3,79000000,3.3,CLASS-1
Immortals,2011,4,3112,1.85,Henry Cavill,13,0,3,Mickey Rourke,64,0,0,Stephen Dorff,30,0,0,Tarsem Singh,9,0,6,Charley Parlapanides,0,0,1,Trevor Morris,26,0,9,Brendan Galvin,24,0,0,75000000,6,CLASS-2
Sucker Punch,2011,2,3715,2.35,Emily Browning,0,0,14,Abbie Cornish,0,0,11,Jena Malone,86,0,0,Zack Snyder,15,0,5,Zack Snyder,2,0,5,Tyler Bates,16,0,6,Larry Fong,17,0,0,82000000,6,CLASS-2
Battle Los Angeles,2011,2,3417,2.35,Aaron Eckhart,31,0,0,Ramon Rodriguez,17,0,3,Will Rothhaar,17,0,1,Jonathan Liebesman,5,0,2,Christopher Bertolini,2,0,0,Brian Tyler,51,0,16,Lukas Ettlin,22,0,1,70000000,5.7,CLASS-2
War Horse,2011,2,3715,2.35,Jeremy Irvine,1,0,1,Peter Mullan,57,0,26,Emily Watson,147,0,9,Steven Spielberg,52,3,148,Lee Hall,6,0,5,John Williams,209,5,184,Janusz Kaminski,36,2,36,66000000,7.2,CLASS-3
The Dilemma,2011,2,3715,2.35,Vince Vaughn,52,0,17,Kevin James,19,0,3,Jennifer Connelly,72,0,0,Ron Howard,30,2,37,Allan Loeb,6,0,0,Lorne Balfe,59,0,8,Salvatore Totino,25,0,0,70000000,5.3,CLASS-2
Killer Elite,2011,4,3715,2.35,Jason Statham,30,0,1,Clive Owen,56,2,47,Robert De Niro,56,0,12,Gary McKendry,1,1,5,Matt Sherring,0,0,0,Reinhold Heil,16,0,8,Simon Duggan,9,0,5,35000000,6.4,CLASS-2
Hall Pass,2011,4,3715,2.35,Owen Wilson,40,0,4,Jason Sudeikis,24,0,0,Jenna Fischer,16,0,16,Bobby Farrelly,12,0,3,Pete Jones,3,0,0,Matthew F. Leonetti,0,0,1,Sam Seig,0,0,0,36000000,5.8,CLASS-2
Tangled,2010,1,3603,1.85,Mandy Moore,0,0,3,Zachary Levi,22,0,1,Donna Murphy,138,0,0,Nathan Greno,1,0,1,Dan Fogelman,6,0,3,Alan Menken,22,8,48,Tim Mertens,5,0,1,260000000,7.7,CLASS-4
Robin Hood,2018,2,3503,2.35,Taron Egerton,13,0,2,Jamie Foxx,64,0,2,Ben Mendelsohn,60,0,0,Ridley Scott,46,0,44,Ben Chandler,0,0,0,Joseph Trapanese,48,0,2,George Steel,20,0,1,200000000,5.3,CLASS-2
Alice in Wonderland,2010,1,3728,1.85,Johnny Depp,57,0,66,Mia Wasikowska,0,1,11,Helena Bonham Carter,31,1,68,Tim Burton,31,0,27,Linda Woolverton,30,0,1,Danny Elfman,79,0,80,Dariusz Wolski,49,0,1,200000000,6.4,CLASS-2
TRON: Legacy,2010,1,3451,2.35,Jeff Bridges,76,1,41,Garrett Hedlund,7,0,18,Olivia Wilde,56,0,0,Joseph Kosinski,1,0,0,Edward Kitsis,7,0,1,Thomas Bangalter,1,0,6,Claudio Miranda,17,1,24,170000000,6.8,CLASS-3
Toy Story 3,2010,0,4028,1.85,Tom Hanks,57,2,73,Tim Allen,35,0,1,Joan Cusack,80,0,3,Lee Unkrich,4,2,28,John Lasseter,14,1,36,Randy Newman,19,2,45,Jeremy Lasky,3,0,0,200000000,8.3,CLASS-4
Prince of Persia: The Sands of Time,2010,2,3646,2.35,Jake Gyllenhaal,23,0,29,Gemma Arterton,0,0,0,Ben Kingsley,6,0,0,Mike Newell,72,0,13,Boaz Yakin,7,0,5,Harry Gregson-Williams,56,0,20,John Seale,42,1,36,200000000,6.6,CLASS-3
Iron Man 2,2010,2,4380,2.35,Robert Downey Jr.,74,0,34,Gwyneth Paltrow,0,0,47,Don Cheadle,52,0,8,Jon Favreau,10,0,8,Justin Theroux,2,0,3,John Debney,88,0,32,Matthew Libatique,48,0,14,200000000,7,CLASS-3
Shrek Forever After,2010,1,4359,2.35,Mike Myers,44,0,14,Eddie Murphy,53,0,4,Cameron Diaz,112,0,5,Mike Mitchell,0,0,0,Josh Klausner,1,0,1,Harry Gregson-Williams,56,0,20,Yong Duk Jhun,1,0,0,165000000,6.3,CLASS-2
How to Train Your Dragon,2010,1,4055,2.35,Jay Baruchel,26,0,3,Gerard Butler,35,0,13,Craig Ferguson,44,0,3,Dean DeBlois,2,0,8,William Davies,13,0,3,John Powell,14,0,41,Gil Zimmerman,0,0,0,165000000,8.1,CLASS-4
Inception,2010,2,3792,2.35,Leonardo DiCaprio,34,1,79,Joseph Gordon-Levitt,53,0,12,Ellen Page,200,0,22,Christopher Nolan,10,0,137,Christopher Nolan,10,0,137,Hans Zimmer,92,1,121,Wally Pfister,38,1,26,160000000,8.8,CLASS-4
The Sorcerer's Apprentice,2010,1,3715,2.35,Nicolas Cage,58,1,35,Jay Baruchel,26,0,0,Alfred Molina,2,0,3,Jon Turteltaub,15,0,0,Lawrence Konner,17,0,1,Trevor Rabin,22,0,15,Bojan Bazelli,32,0,2,150000000,6.1,CLASS-2
The Chronicles of Narnia: The Voyage of the Dawn Treader,2010,1,3555,1.78,Georgie Henley,0,0,2,Skandar Keynes,6,0,0,Ben Barnes,14,0,0,Michael Apted,67,0,23,Christopher Markus,4,0,5,David Arnold,18,1,17,Dante Spinotti,62,0,19,155000000,6.3,CLASS-2
The Wolfman,2010,4,3222,1.85,Simon Merrells,12,1,43,Gemma Whelan,0,0,0,Emily Blunt,79,0,0,Joe Johnston,11,1,1,Andrew Kevin Walker,9,0,3,Danny Elfman,79,0,80,Shelly Johnson,53,0,0,150000000,5.8,CLASS-2
Megamind,2010,1,3944,2.35,Will Ferrell,63,1,53,Brad Pitt,59,2,83,Tina Fey,224,0,16,Tom McGrath,5,0,1,Alan Schoolcraft,0,0,0,Lorne Balfe,58,0,8,Mike Andrews,12,0,3,130000000,7.2,CLASS-3
Clash of the Titans,2010,2,3777,2.35,Sam Worthington,23,0,17,Liam Neeson,72,0,1,Ralph Fiennes,12,0,0,Louis Leterrier,9,0,1,Travis Beacham,4,0,0,Ramin Djawadi,19,0,20,Peter Menzies Jr.,22,0,0,125000000,5.8,CLASS-2
How Do You Know,2010,2,3715,1.85,Reese Witherspoon,0,0,0,Paul Rudd,68,0,0,Owen Wilson,8,0,4,James L. Brooks,5,3,47,James L. Brooks,29,3,47,Hans Zimmer,92,1,121,Janusz Kaminski,34,2,36,120000000,5.4,CLASS-2
Knight and Day,2010,2,3098,2.35,Tom Cruise,33,0,43,Cameron Diaz,0,0,1,Peter Sarsgaard,155,0,11,James Mangold,8,0,11,Patrick O'Neill,1,0,0,John Powell,14,0,41,Phedon Papamichael,44,0,10,117000000,6.3,CLASS-2
Gulliver's Travels,2010,1,3715,2.35,Jack Black,99,0,15,Jason Segel,21,0,4,Emily Blunt,6,0,3,Rob Letterman,4,0,0,Joe Stillman,15,0,3,Henry Jackman,14,0,11,David Tattersall,47,0,0,112000000,4.9,CLASS-1
Little Fockers,2010,2,3536,1.85,Robert De Niro,81,2,47,Ben Stiller,92,0,6,Owen Wilson,83,0,1,Paul Weitz,7,0,2,John Hamburg,9,0,0,Stephen Trask,8,0,2,Remi Adefarasin,62,0,3,100000000,5.5,CLASS-2
The Other Guys,2010,2,3651,2.35,Will Ferrell,63,0,11,Derek Jeter,2,0,11,Mark Wahlberg,135,0,0,Adam McKay,13,1,31,Adam McKay,15,1,31,Jon Brion,6,0,6,Oliver Wood,46,0,0,100000000,6.6,CLASS-3
The Tourist,2010,2,3715,2.35,Johnny Depp,57,0,63,Angelina Jolie,0,1,44,Paul Bettany,40,0,0,Florian Henckel von Donnersmarck,6,0,56,Florian Henckel von Donnersmarck,4,0,60,James Newton Howard,91,0,68,John Seale,42,1,36,100000000,6,CLASS-2
Legend of the Guardians: The Owls of Ga'Hoole,2010,1,3715,2.35,Emily Barclay,0,0,12,Abbie Cornish,0,0,7,Essie Davis,79,0,13,Zack Snyder,14,0,5,John Orloff,2,0,1,David Hirschfelder,9,0,14,David Scott,0,0,0,80000000,6.9,CLASS-3
Green Zone,2010,4,3715,2.35,Igal Naor,20,1,27,Said Faraj,37,0,0,Faycal Attougui,197,0,2,Paul Greengrass,15,0,38,Brian Helgeland,19,1,31,John Powell,14,0,41,Barry Ackroyd,59,0,13,100000000,6.8,CLASS-3
Sex and the City 2,2010,4,3445,1.85,Sarah Jessica Parker,0,0,0,Kristin Davis,0,1,15,Cynthia Nixon,27,0,5,Michael Patrick King,5,0,7,Michael Patrick King,9,0,7,Aaron Zigman,23,0,12,John Thomas,0,0,1,100000000,4.5,CLASS-1
Percy Jackson & the Olympians: The Lightning Thief,2010,1,3356,2.35,Logan Lerman,14,0,5,Brandon T. Jackson,17,0,6,Alexandra Daddario,70,0,14,Chris Columbus,14,0,6,Craig Titley,5,0,0,Christophe Beck,18,0,5,Stephen Goldblatt,31,0,2,95000000,5.9,CLASS-2
Unstoppable,2010,2,3207,2.35,Denzel Washington,48,2,74,Chris Pine,18,0,7,Rosario Dawson,41,0,0,Tony Scott,28,0,6,Mark Bomback,5,0,0,Harry Gregson-Williams,56,0,20,Ben Seresin,12,0,0,100000000,6.8,CLASS-3
The Nutcracker in 3D,2010,1,3715,2.35,Richard Philipps,0,0,9,Fernanda Dorogi,0,0,5,Kriszta Dorogi,81,0,34,Andrey Konchalovskiy,24,0,35,Andrey Konchalovskiy,30,0,35,Eduard Artemev,3,0,13,Mike Southon,75,0,1,90000000,4.2,CLASS-1
Scott Pilgrim vs. the World,2010,2,3715,1.85,Michael Cera,43,0,15,Kieran Culkin,20,0,4,Anna Kendrick,156,0,1,Edgar Wright,21,0,14,Michael Bacall,2,0,0,Nigel Godrich,5,0,3,Bill Pope,42,0,3,60000000,7.5,CLASS-3
Cats & Dogs: The Revenge of Kitty Galore,2010,1,3715,1.85,James Marsden,41,0,3,Nick Nolte,80,0,12,Christina Applegate,26,0,2,Brad Peyton,7,0,0,Ron J. Friedman,7,0,1,Christopher Lennertz,23,0,7,Steven Poster,55,0,0,85000000,4.3,CLASS-1
The Expendables,2014,4,3270,2.35,Sylvester Stallone,62,0,1,Jason Statham,28,0,47,Jet Li,46,0,6,Sylvester Stallone,8,0,61,Dave Callaham,4,0,0,Brian Tyler,46,0,16,Jeffrey L. Kimball,22,0,0,80000000,6.1,CLASS-2
Shutter Island,2010,4,2991,2.35,Leonardo DiCaprio,34,1,79,Mark Ruffalo,44,0,0,Ben Kingsley,155,0,0,Martin Scorsese,47,1,166,Laeta Kalogridis,4,0,1,Robert Richardson,0,3,19,Thelma Schoonmaker,43,3,12,80000000,8.2,CLASS-4
The Book of Eli,2010,4,3111,2.35,Denzel Washington,48,2,73,Gary Oldman,68,0,11,Mila Kunis,68,1,58,Albert Hughes,8,0,1,Gary Whitta,2,0,0,Atticus Ross,0,1,24,Don Burgess,41,0,0,80000000,6.9,CLASS-3
Yogi Bear,2010,1,3715,1.85,Dan Aykroyd,90,0,43,Justin Timberlake,41,0,9,Anna Faris,20,0,0,Eric Brevig,8,0,1,Jennifer Ventimilia,11,0,0,John Debney,88,0,32,Peter James,0,0,0,80000000,4.6,CLASS-1
Grown Ups,2010,2,3534,1.85,Adam Sandler,45,0,23,Kevin James,18,0,53,Chris Rock,61,0,17,Dennis Dugan,33,0,1,Adam Sandler,16,0,63,Rupert Gregson-Williams,21,0,12,Theo van de Sande,86,0,3,80000000,5.9,CLASS-2
Killers,2010,2,3715,2.35,Ashton Kutcher,25,0,14,Katherine Heigl,0,0,1,Tom Selleck,89,0,21,Robert Luketic,7,0,4,Bob DeRosa,3,0,0,Rolfe Kent,17,0,12,Russell Carpenter,37,1,7,75000000,5.5,CLASS-2
Wall Street: Money Never Sleeps,2010,2,3715,2.35,Richard Stratton,4,0,9,Harry Kerrigan,0,0,2,Michael Douglas,4,0,0,Oliver Stone,22,3,59,Allan Loeb,4,0,0,Craig Armstrong,22,0,14,Rodrigo Prieto,37,0,16,70000000,6.2,CLASS-2
The Twilight Saga: Eclipse,2010,2,4468,2.35,Xavier Samuel,8,0,39,Kristen Stewart,0,0,39,Robert Pattinson,37,0,18,David Slade,18,0,4,Melissa Rosenberg,0,0,0,Howard Shore,65,3,87,Javier Aguirresarobe,84,0,24,68000000,5,CLASS-1
Despicable Me,2010,1,3476,1.85,Steve Carell,39,0,29,Jason Segel,21,0,2,Russell Brand,22,0,3,Pierre Coffin,3,0,22,Cinco Paul,7,0,1,Heitor Pereira,70,0,6,Gregory Perler,14,0,0,69000000,7.6,CLASS-4
Avatar,2009,2,3452,1.78,CCH Pounder,86,0,5,Joel David Moore,41,0,1,Wes Studi,54,0,8,James Cameron,17,3,69,,,,,,,,,,,,,237000000,7.8,CLASS-4
Harry Potter and the Half-Blood Prince,2009,1,4325,2.35,Daniel Radcliffe,11,0,13,Michael Gambon,124,0,10,Dave Legeno,9,0,3,David Yates,17,0,15,Steve Kloves,8,0,7,Nicholas Hooper,0,0,4,Bruno Delbonnel,35,0,13,250000000,7.6,CLASS-4
Transformers: Revenge of the Fallen,2009,2,4234,2.35,Shia LaBeouf,37,0,3,Megan Fox,0,0,1,Josh Duhamel,13,0,1,Michael Bay,50,0,9,Ehren Kruger,12,0,1,Steve Jablonsky,31,0,8,Ben Seresin,10,0,0,200000000,6,CLASS-2
Terminator Salvation,2009,2,3530,2.35,Christian Bale,36,1,67,Sam Worthington,21,0,13,Moon Bloodgood,18,1,18,McG,29,0,9,John Brancato,17,0,1,Danny Elfman,77,0,80,Shane Hurlbut,17,0,0,200000000,6.5,CLASS-2
2012,2009,2,3404,2.35,John Cusack,56,0,2,Amanda Peet,0,0,2,Chiwetel Ejiofor,31,1,76,Roland Emmerich,13,0,19,Roland Emmerich,13,0,19,Harald Kloser,6,0,3,Dean Semler,68,1,14,200000000,5.8,CLASS-2
A Christmas Carol,2019,1,3683,2.35,Jim Carrey,43,0,7,Steve Valentine,49,0,43,Daryl Sabara,94,1,58,Robert Zemeckis,29,1,34,Charles Dickens,349,0,0,Alan Silvestri,63,0,43,Robert Presley,2,0,0,200000000,7.2,CLASS-3
Monsters vs. Aliens,2009,1,4104,2.35,Reese Witherspoon,0,0,6,Seth Rogen,21,0,7,Hugh Laurie,207,0,30,Rob Letterman,3,0,0,Maya Forbes,5,0,8,Henry Jackman,12,0,11,Joyce Arrastia,8,0,1,175000000,6.4,CLASS-2
G.I. Joe: The Rise of Cobra,2009,2,4007,2.35,Adewale Akinnuoye-Agbaje,23,0,14,Christopher Eccleston,51,0,6,GrÃ©gory Fitoussi,1,0,2,Stephen Sommers,8,0,1,Stuart Beattie,11,0,3,Alan Silvestri,63,0,43,Mitchell Amundsen,6,0,0,175000000,5.8,CLASS-2
Night at the Museum: Battle of the Smithsonian,2009,1,4096,2.35,Ben Stiller,88,1,53,Amy Adams,0,1,13,Owen Wilson,66,0,14,Shawn Levy,25,0,4,Robert Ben Garant,13,0,0,Alan Silvestri,63,0,43,John Schwartzman,28,0,1,150000000,6,CLASS-2
X-Men Origins: Wolverine,2009,2,4099,2.35,Hugh Jackman,29,0,26,Liev Schreiber,44,0,12,Danny Huston,18,0,10,Gavin Hood,6,0,29,David Benioff,5,0,28,Harry Gregson-Williams,54,0,20,Donald McAlpine,56,0,11,150000000,6.6,CLASS-3
Angels & Demons,2009,2,3527,2.35,Tom Hanks,54,2,71,Ewan McGregor,47,0,3,Ayelet Zurer,236,0,26,Ron Howard,27,2,37,David Koepp,27,0,3,Hans Zimmer,87,1,121,Salvatore Totino,24,0,0,150000000,6.7,CLASS-3
Star Trek,2017,2,3849,2.35,Chris Hemsworth,28,0,8,Leonard Nimoy,135,0,6,Bruce Greenwood,137,0,7,J.J. Abrams,13,0,20,,,,,,,,,,,,,150000000,7.3,CLASS-3
Watchmen,2019,4,3611,2.35,Matt Frewer,133,0,2,Billy Crudup,44,0,8,Stephen McHattie,206,0,4,Zack Snyder,22,0,5,,,,,,,,,,,,,130000000,8.1,CLASS-4
The Princess and the Frog,2009,0,3715,1.85,Anika Noni Rose,0,0,37,Bruno Campos,26,0,3,Keith David,39,0,7,Ron Clements,7,0,11,Ron Clements,21,0,11,Randy Newman,18,2,45,Rasoul Azadani,2,0,0,105000000,7.1,CLASS-3
Public Enemies,2009,4,3334,2.35,Christian Bale,36,0,69,Christian Stolte,30,1,58,Jason Clarke,143,0,6,Michael Mann,17,0,18,Ronan Bennett,10,0,1,Elliot Goldenthal,28,1,16,Dante Spinotti,61,0,19,100000000,7,CLASS-3
The Taking of Pelham 1 2 3,2009,4,3715,2.35,Walter Matthau,69,2,71,Robert Shaw,52,0,1,Martin Balsam,155,0,2,Tony Scott,27,0,4,John Godey,1,0,0,David Shire,6,1,6,Owen Roizman,7,0,5,100000000,6.4,CLASS-2
Where the Wild Things Are,2009,1,3735,2.35,Max Records,2,0,14,Pepita Emmerichs,0,0,3,Max Pfeifer,2,0,2,Spike Jonze,79,1,64,Spike Jonze,9,1,64,Carter Burwell,44,0,29,Lance Acord,28,0,2,100000000,6.7,CLASS-3
Land of the Lost,2009,2,3715,1.85,Will Ferrell,57,0,11,Anna Friel,0,0,4,Danny McBride,25,0,0,Brad Silberling,19,0,1,Chris Henchy,12,0,3,Michael Giacchino,19,1,80,Dion Beebe,29,1,18,100000000,5.3,CLASS-2
The Lovely Bones,2009,2,3715,2.35,Mark Wahlberg,42,0,6,Rachel Weisz,0,0,3,Susan Sarandon,31,1,76,Peter Jackson,16,3,124,Fran Walsh,11,3,44,Brian Eno,18,0,8,Andrew Lesnie,41,1,27,65000000,6.7,CLASS-3
Cloudy with a Chance of Meatballs,2009,1,3119,2.35,Bill Hader,26,0,1,Anna Faris,0,0,0,James Caan,16,0,8,Phil Lord,1,1,27,Phil Lord,6,1,27,Mark Mothersbaugh,27,0,21,Robert Fisher Jr.,17,0,2,100000000,6.9,CLASS-3
Ice Age: Dawn of the Dinosaurs,2009,1,4099,1.85,Eunice Cho,0,0,3,Karen Disher,0,0,3,Harrison Fahn,200,0,1,Carlos Saldanha,5,0,2,Michael Berg,2,0,0,John Powell,14,0,41,Harry Hitner,21,0,0,90000000,6.9,CLASS-3
Sherlock Holmes,2009,2,3626,1.85,Robert Downey Jr.,72,0,34,Jude Law,35,0,6,Rachel McAdams,9,0,1,Guy Ritchie,13,0,8,Michael Robert Johnson,0,0,0,Hans Zimmer,87,1,121,Philippe Rousselot,62,1,11,90000000,7.6,CLASS-4
It's Complicated,2009,4,2887,1.85,Meryl Streep,0,3,151,Steve Martin,56,0,2,Alec Baldwin,0,0,5,Nancy Meyers,4,0,6,Nancy Meyers,13,0,6,Heitor Pereira,64,0,6,John Toll,27,2,16,85000000,6.5,CLASS-2
Surrogates,2009,2,3715,2.35,Bruce Willis,82,0,14,Radha Mitchell,0,0,1,Rosamund Pike,151,0,0,Jonathan Mostow,9,0,1,Michael Ferris,20,0,1,Richard Marvin,9,0,5,Oliver Wood,45,0,0,80000000,6.3,CLASS-2
Oceans,2018,0,3715,2.35,Pierce Brosnan,64,0,3,Pedro ArmendÃ¡riz Jr.,210,0,4,Jacques Perrin,41,0,19,Jacques Perrin,7,0,6,Christophe Cheysson,0,0,0,Bruno Coulais,13,0,13,Michel Benjamin,19,0,1,40000000,6.8,CLASS-3
Hotel for Dogs,2009,1,3715,1.85,Emma Roberts,0,0,29,Jake T. Austin,10,0,8,Don Cheadle,81,0,4,Thor Freudenthal,7,0,3,Jeff Lowell,7,0,0,John Debney,87,0,32,Michael Grady,0,0,0,35000000,5.4,CLASS-2
Funny People,2009,4,3007,1.85,Adam Sandler,44,0,43,Seth Rogen,21,0,2,Leslie Mann,2,0,0,Judd Apatow,8,0,16,Judd Apatow,27,0,16,Michael Andrews,0,0,3,Janusz Kaminski,56,2,28,75000000,6.3,CLASS-2
Inglourious Basterds,2009,4,3165,2.35,Brad Pitt,57,0,56,MÃ©lanie Laurent,0,2,83,Christoph Waltz,180,2,83,Quentin Tarantino,16,2,156,Quentin Tarantino,20,2,165,Robert Richardson,0,3,19,Sally Menke,34,0,12,75000000,8.3,CLASS-4
Alvin and the Chipmunks: The Squeakquel,2009,1,3700,1.85,Zachary Levi,19,0,17,David Cross,77,0,0,Jason Lee,30,0,9,Betty Thomas,26,0,6,Jon Vitti,11,0,3,David Newman,63,1,14,Anthony B. Richmond,81,0,1,75000000,4.5,CLASS-1
Agora,2009,4,3715,2.35,Rachel Weisz,0,0,4,Max Minghella,9,0,1,Oscar Isaac,14,0,1,Alejandro AmenÃƒÂ¡bar,6,0,58,Alejandro AmenÃ¡bar,8,0,58,Dario Marianelli,15,1,14,Xavi GimÃ©nez,31,0,10,70000000,7.2,CLASS-3
Astro Boy,2009,1,3715,2.35,Charlize Theron,0,1,34,Freddie Highmore,19,1,49,Ryan Stiles,154,0,13,David Bowers,1,0,0,Osamu Tezuka,89,0,9,John Ottman,29,1,8,Pepe Valencia,0,0,0,65000000,6.3,CLASS-2
Couples Retreat,2009,2,3000,1.85,Vince Vaughn,49,0,6,Jason Bateman,60,0,5,Faizon Love,35,0,1,Peter Billingsley,2,0,1,Jon Favreau,4,0,9,A.R. Rahman,34,2,112,Eric Alan Edwards,50,0,0,60000000,5.5,CLASS-2
This Is It,2016,1,3481,1.78,Misha Gabriel Hamilton,7,0,0,Mekia Cox,17,0,0,Judith Hill,2,0,2,Kenny Ortega,45,0,10,,,,,,,,,,,,,60000000,8.7,CLASS-4
Coraline,2009,1,3715,1.85,Dakota Fanning,0,0,5,Teri Hatcher,0,0,3,Jennifer Saunders,4,0,0,Henry Selick,8,0,9,Henry Selick,3,0,9,Bruno Coulais,13,0,13,Pete Kozachik,4,0,0,60000000,7.7,CLASS-4
Year One,2009,2,3715,1.85,Jack Black,94,0,18,Michael Cera,40,0,2,Oliver Platt,167,0,15,Harold Ramis,13,0,7,Harold Ramis,30,0,8,Theodore Shapiro,7,0,15,Alar Kivilo,32,0,3,60000000,4.9,CLASS-1
Invictus,2009,2,3715,2.35,Morgan Freeman,90,1,21,Matt Damon,47,1,47,Tony Kgoroge,150,0,1,Clint Eastwood,32,4,131,Anthony Peckham,4,0,1,Kyle Eastwood,6,0,3,Tom Stern,15,0,3,60000000,7.3,CLASS-3
